ExpName,tn,fp,fn,specificity,recall,sensitivity,precision,tp,accuracy,auroc,aupr
NIR_RestK-4,52,33,8,0.611764705882,0.466666666667,0.466666666667,0.175,7,0.59,0.570196078431,0.195784222645
NIR_RestK-3,62,23,8,0.729411764706,0.466666666667,0.466666666667,0.233333333333,7,0.69,0.607843137255,0.230347819905
NIR_RestK-5,46,39,4,0.541176470588,0.733333333333,0.733333333333,0.22,11,0.57,0.663921568627,0.218811193743
