flhC	hdfR	lrhA	qseB	flhD	ompR	rcsB	rcsA	csgD	bolA	csgE	csgF	csgG	sra	gltK	ygdB	fliM	flgN	fliN	fliL
0.2261309	0.9249197	0.9089206	0.7437395	0.0064301	0.8106179	0.8752811	0.8584645	0.5983375	0.1324441	0.4333664	0.4646275	0.2004198	0.2502132	0.0184257	0.4584489	0.1091338	0.0956249	0.0610702	0.0363028
