YJR060W	YFL031W	YIR017C	YNL103W	YOR162C	YPL038W	YGL254W	YOR140W	YDR253C	YCR106W	YOL067C	YCR096C	YML113W	YDR520C	YCR040W	YPR199C	YCR097W	YHR006W	YOR032C	YCL066W	YJL056C	YCL067C	YJL110C	YLR098C	YGR044C	YCR018C	YLR013W	YDR421W	YKL020C	YOL089C	YMR019W	YJR147W	YFL021W	YKR034W	YML099C	YPL177C	YMR042W	YDL170W	YMR021C	YBR297W	YIL101C	YER045C	YOR113W	YOR363C	YGL162W	YPL230W	YGR249W	YMR070W	YNL167C	YGL181W	YDR123C	YKR099W	YJL089W	YMR280C	YGL209W	YGL035C	YPL248C	YML051W	YLR451W	YKL038W	YER028C	YHL027W	YDR310C	YPL075W	YDR463W	YDR081C	YBR083W	YMR164C	YLR403W	YDR146C	YOL108C	YKL185W	YBR182C	YLR131C	YDL106C	YNL027W	YPR196W	YOR344C	YBL103C	YER040W	YER189W	YER190W	YGL001C	YCR019W	YCR018CA	YCR107W	YDR084C	YDR042C	YNL337W	YCR039C	YDR077W	YDR545W	YDR522C	YDR317W	YCR105W	YNL339C	YLR397C	YCR041W	YDR040C	YJR011C
1.0000000	0.9046667	0.2076135	0.5173732	0.4362914	1.0000000	0.9837832	0.0625896	1.0000000	0.1110871	1.0000000	0.7852655	1.0000000	0.0944444	0.2181407	1.0000000	0.1938461	0.3382152	1.0000000	0.9578128	1.0000000	0.6615030	0.1009156	1.0000000	0.0286182	0.7313660	0.7363883	1.0000000	1.0000000	1.0000000	0.0060989	0.3002686	0.3402446	0.5313410	0.5381930	0.6877055	1.0000000	0.5533525	1.0000000	0.8398801	0.1579647	0.7274943	1.0000000	1.0000000	1.0000000	0.7949671	0.7264482	0.9552555	0.9858592	0.1192481	1.0000000	0.0558457	0.7213521	0.7286112	1.0000000	0.2769190	0.1152329	0.0285959	1.0000000	0.0367435	0.0328452	0.9948647	0.3281117	0.8715590	0.5181915	1.0000000	1.0000000	0.0281550	0.6389136	0.7562050	1.0000000	0.7004171	0.9229746	1.0000000	1.0000000	0.9206735	0.5501273	0.3394894	1.0000000	1.0000000	0.9995573	0.0702780	0.0512755	0.9980390	0.7743013	0.9255869	0.4087139	0.9752539	0.5107248	0.2570903	0.8980319	0.1921377	0.5322108	0.2008278	0.5746162	0.6632375	0.9946742	0.2755302	0.9989786	0.9960033
