fur	rcnR	metJ	metR	metA	metH
0.0000000	0.0030482	0.9471457	0.2362565	0.5566987	0.1902271
0.9936993	0.0000000	0.4726140	0.7188818	0.7332367	0.0223035
1.0547615	0.8225993	0.0000000	1.0348764	0.9535739	0.0216468
1.0642021	0.6584566	0.5625921	0.0000000	0.2716983	0.0266879
1.0193483	0.7553868	0.4272751	0.8056813	0.0000000	0.0135486
1.0368548	0.7545043	0.5205863	0.6882628	0.7189276	0.0000000
