fur	rcnR	metJ	metR	metA	metH
0.8022687	0.5102159	0.0000000	0.0016093	0.2894081	0.0110226
0.0000000	0.0023196	0.8057414	0.0000000	0.1320344	0.0054950
