fur	rcnR	metJ	metR	metA	metH
0.4214988	0.4119423	0.9066000	0.3198296	0.5659873	0.0321543
1.0893938	0.3519088	0.5031840	0.6533948	0.7014435	0.0292312
1.1006693	0.6785411	0.1851523	0.9116323	0.9614389	0.0179329
0.9846855	0.7358122	0.4737636	0.4068898	0.7593660	0.0351282
0.9879124	0.7726396	0.4922690	0.6931892	0.4003722	0.0286270
1.0028020	0.7369028	0.4913275	0.6632271	0.7836729	0.0109789
