Ecoli-1_multifactorial_0	Ecoli-1_multifactorial_1	Ecoli-1_multifactorial_2	Ecoli-1_multifactorial_3	Ecoli-1_multifactorial_4	Ecoli-1_multifactorial_5
fur	0.7444740	0.8027593	0.1729199	0.7473865	0.5459326	0.8336945
rcnR	0.6098599	0.5913772	0.1426515	0.5796294	0.5989017	0.6466750
metJ	0.4046917	0.2362407	0.5712404	0.3476118	0.2889233	0.3720892
metR	0.7272481	0.2496506	0.3832558	0.4588560	0.5356734	0.6263213
metA	0.7272221	0.3694936	0.6964442	0.7237204	0.3370958	0.7026364
metH	0.0031782	0.1369488	0.1536840	0.0037564	0.2567494	0.0461136
