fur	rcnR	metJ	metR	metA	metH
0.6983779	0.6110351	0.3593181	0.5398965	0.6041680	0.0136122
