fur	rcnR	metJ	metR	metA	metH
0.6564981	0.6149483	0.3129229	0.6595471	0.6487410	0.0001251
0.7901676	0.6162812	0.1912267	0.4656218	0.4377326	0.1566772
0.1525302	0.1349634	0.5153587	0.3324156	0.8730392	0.1227074
0.8905897	0.6496368	0.2802737	0.3626749	0.6295139	0.0004227
0.5124834	0.7231911	0.3227527	0.5075267	0.3065730	0.1855339
0.8782758	0.7840950	0.3825827	0.5793589	0.6304424	0.0495727
