fur	rcnR	metJ	metR	metA	metH
1.0619946	0.6919882	0.0000000	0.0012148	0.4168136	0.0118571
0.0000000	0.0046305	0.9515730	0.0000000	0.1354355	0.0084796
