fur	rcnR	metJ	metR	metA	metH
0.7863734	0.4978942	0.3274854	0.6142356	0.6009409	0.0205281
