fur	rcnR	metJ	metR	metA	metH
0.4274605	0.3015424	0.5866440	0.2334654	0.4447836	0.0464693
0.7914150	0.2650605	0.4430424	0.4446184	0.5651527	0.0222633
0.8602432	0.6045094	0.1187709	0.6356198	0.7457037	0.0149700
0.7063970	0.5550702	0.3371600	0.3596527	0.6048500	0.0300277
0.7524453	0.5585051	0.3465501	0.5205124	0.3252603	0.0187456
0.8399926	0.6189987	0.3891445	0.5995393	0.6194035	0.0086979
