fur	rcnR	metJ	metR	metA	metH
0.5000000	0.4711859	0.8681964	0.3154209	0.6009051	0.0275179
1.0000000	0.3639163	0.4562734	0.7188654	0.7546185	0.0194200
1.0000000	0.7278306	0.2281535	0.9448294	0.8823149	0.0194200
1.0000000	0.7278306	0.4562734	0.3594399	0.7489830	0.0194197
1.0000000	0.7278306	0.4562734	0.7188655	0.3773093	0.0194200
1.0000000	0.7278306	0.4562734	0.7188653	0.7546185	0.0097101
