fur	rcnR	metJ	metR	metA	metH
1.0000000	0.7278306	0.0000011	0.0000001	0.3974718	0.0188491
0.0000000	0.0021953	0.9999990	0.0000000	0.1330899	0.0188491
