fur	rcnR	metJ	metR	metA	metH
0.9183593	0.6502041	0.3807149	0.8709172	0.8467136	0.0006827
1.0129769	0.7406109	0.2893986	0.3893154	0.4815928	0.2108033
0.2557475	0.1853905	0.7246908	0.4574691	0.9916665	0.1944806
1.0728237	0.7826042	0.4443141	0.5278964	0.7740403	0.0010296
0.6857237	0.8944206	0.4025977	0.6377353	0.4397391	0.2305827
1.0242364	0.7578154	0.3932874	0.7864538	0.8156034	0.0735657
