Ecoli-1_knockdowns_0	Ecoli-1_knockdowns_1	Ecoli-1_knockdowns_2	Ecoli-1_knockdowns_3	Ecoli-1_knockdowns_4	Ecoli-1_knockdowns_5
fur	0.4274605	0.7914150	0.8602432	0.7063970	0.7524453	0.8399926
rcnR	0.3015424	0.2650605	0.6045094	0.5550702	0.5585051	0.6189987
metJ	0.5866440	0.4430424	0.1187709	0.3371600	0.3465501	0.3891445
metR	0.2334654	0.4446184	0.6356198	0.3596527	0.5205124	0.5995393
metA	0.4447836	0.5651527	0.7457037	0.6048500	0.3252603	0.6194035
metH	0.0464693	0.0222633	0.0149700	0.0300277	0.0187456	0.0086979
