fur	rcnR	metJ	metR	metA	metH
0.4627980	0.4156148	0.8534131	0.2886379	0.6129941	0.0435687
1.1079590	0.3482696	0.5320362	0.6654666	0.7134810	0.0280833
1.0420112	0.7348717	0.1826690	0.9666667	0.9121658	0.0207235
0.9935797	0.7280605	0.4806276	0.3746927	0.7975651	0.0329896
0.9516930	0.7059573	0.4256000	0.7133224	0.3942942	0.0207614
1.0328662	0.7886862	0.5076459	0.6561861	0.7190634	0.0069333
