fur	rcnR	metJ	metR	metA	metH
1.0180967	0.6913570	0.0000000	0.0000000	0.4291078	0.0111439
0.0000000	0.0063601	1.0083103	0.0000000	0.1425296	0.0067303
