fur	rcnR	metJ	metR	metA	metH
0.0000000	0.0021953	0.9999998	0.2441606	0.5662390	0.1989035
1.0000000	0.0000000	0.4562734	0.7188655	0.7546185	0.0194200
1.0000000	0.7278306	0.0000011	0.9999999	0.9981813	0.0194200
1.0000000	0.7278306	0.4562734	0.0000000	0.2447675	0.0188491
1.0000000	0.7278306	0.4562734	0.7188655	0.0000000	0.0194200
1.0000000	0.7278306	0.4562734	0.7188654	0.7546185	0.0000000
