fur	rcnR	metJ	metR	metA	metH
0.0000000	0.0021953	0.9999989	0.2441677	0.5662515	0.1989778
1.0000000	0.0000021	0.4562734	0.7188655	0.7546185	0.0194200
1.0000000	0.7278306	0.0000063	0.9999979	0.9981659	0.0194200
1.0000000	0.7278306	0.4562734	0.0000004	0.2448598	0.0188491
1.0000000	0.7278306	0.4562734	0.7188655	0.0000037	0.0194200
1.0000000	0.7278306	0.4562734	0.7188651	0.7546182	0.0000030
