fur	rcnR	metJ	metR	metA	metH
1.0004193	0.6846960	0.4598014	0.7283938	0.8044002	0.0180515
