Ecoli-1_dualknockouts_0	Ecoli-1_dualknockouts_1
fur	0.7788632	0.0000000
rcnR	0.5177429	0.0116393
metJ	0.0000000	0.8518516
metR	0.0000000	0.0000000
metA	0.3400735	0.0880687
metH	0.0098677	0.0028407
