fur	rcnR	metJ	metR	metA	metH
0.0000000	0.0042887	0.7868633	0.1583627	0.3695071	0.1282096
0.7894249	0.0000000	0.4055577	0.5524021	0.5566801	0.0201721
0.7845494	0.6458880	0.0000000	0.8009584	0.7858137	0.0234132
0.7894858	0.5537076	0.3857517	0.0000000	0.2320746	0.0598765
0.7359112	0.6516704	0.3144970	0.6084022	0.0000000	0.0069115
0.7410710	0.5290256	0.3258225	0.5290445	0.5881490	0.0000000
