fur	rcnR	metJ	metR	metA	metH
1.0000000	0.7278306	0.4562764	0.7187771	0.7546005	0.0194200
