fur	rcnR	metJ	metR	metA	metH
1.0000000	0.7278306	0.0000063	0.0000011	0.3977130	0.0188491
0.0000000	0.0021954	0.9999938	0.0000004	0.1331851	0.0188491
