fur	rcnR	metJ	metR	metA	metH
0.03285093388297386	0.03211506721913581	0.0	0.0	0.03940878546403925	0.03275818120928235
0.0	0.03211506721913581	0.017302315218522865	0.0	0.03940878546403925	0.03275818120928235
