fur	rcnR	metJ	metR	metA	metH
0.0000000	0.0032973	0.8106268	0.1908592	0.4936926	0.1766593
0.7087847	0.0000000	0.3820515	0.6291331	0.6926686	0.0167092
0.8496507	0.5105147	0.0000000	0.7905998	0.8249249	0.0114786
0.8592718	0.5480750	0.3946200	0.0000000	0.1358773	0.0225576
0.7768033	0.6813081	0.3321995	0.5530818	0.0000000	0.0150350
0.7064922	0.5800825	0.3837702	0.5353538	0.7339527	0.0000000
