Ecoli-1_knockouts_0	Ecoli-1_knockouts_1	Ecoli-1_knockouts_2	Ecoli-1_knockouts_3	Ecoli-1_knockouts_4	Ecoli-1_knockouts_5
fur	0.0000000	0.7894249	0.7845494	0.7894858	0.7359112	0.7410710
rcnR	0.0042887	0.0000000	0.6458880	0.5537076	0.6516704	0.5290256
metJ	0.7868633	0.4055577	0.0000000	0.3857517	0.3144970	0.3258225
metR	0.1583627	0.5524021	0.8009584	0.0000000	0.6084022	0.5290445
metA	0.3695071	0.5566801	0.7858137	0.2320746	0.0000000	0.5881490
metH	0.1282096	0.0201721	0.0234132	0.0598765	0.0069115	0.0000000
