fur	rcnR	metJ	metR	metA	metH
0.3348877	0.3367980	0.7931444	0.2865560	0.4257756	0.0286420
0.9008871	0.3805230	0.4249947	0.4583338	0.5867838	0.0272978
0.9995769	0.6497398	0.1124744	0.8748385	0.7930551	0.0165537
0.8292261	0.5475987	0.3619195	0.3404839	0.6400590	0.0422301
0.8032241	0.6423215	0.3676323	0.4368844	0.2766007	0.0121291
0.9283411	0.6564735	0.4175723	0.6845478	0.5939693	0.0121547
