fur	rcnR	metJ	metR	metA	metH
0.9858503	0.7688102	0.4580779	0.9164494	0.9115700	0.0054027
1.0453331	0.7544085	0.2915693	0.4357703	0.4620623	0.1917940
0.2476514	0.1567745	0.7386886	0.5262567	0.9188070	0.1767198
1.0134003	0.7804773	0.4282814	0.5203721	0.7970096	0.0034703
0.7087065	0.8678049	0.3426068	0.7104148	0.4610755	0.2651628
1.0128475	0.7595041	0.3937796	0.8348764	0.8218297	0.0669773
