fur	rcnR	metJ	metR	metA	metH
0.0000000	0.0046420	1.0156329	0.2361129	0.6043054	0.2110311
0.9635515	0.0000000	0.5041187	0.7436805	0.7198066	0.0136758
1.1190614	0.7111117	0.0000000	1.0557136	0.9829823	0.0237077
1.0011933	0.7252541	0.5076132	0.0000000	0.2289155	0.0157789
0.9878544	0.7630682	0.3943316	0.7488505	0.0000000	0.0110848
1.0295832	0.6677171	0.5298480	0.6289450	0.7850113	0.0000000
