fur	rcnR	metJ	metR	metA	metH
1.0000000	0.7278304	0.4562909	0.7185472	0.7544754	0.0194200
