fur	rcnR	metJ	metR	metA	metH
0.5000000	0.4711861	0.8681800	0.3155541	0.6010187	0.0275186
1.0000000	0.3640258	0.4562734	0.7188651	0.7546182	0.0194200
1.0000000	0.7278306	0.2282293	0.9442933	0.8817655	0.0194200
1.0000000	0.7278306	0.4562734	0.3595168	0.7490346	0.0194197
1.0000000	0.7278306	0.4562734	0.7188655	0.3774405	0.0194200
1.0000000	0.7278306	0.4562734	0.7188645	0.7546179	0.0097152
