fur	rcnR	metJ	metR	metA	metH
1.0000000	0.7256353	0.4090452	0.7749616	0.8368732	0.0005709
1.0000000	0.7475194	0.2870614	0.4494174	0.4530388	0.1978250
0.2304747	0.2054408	0.7775693	0.3798138	0.9799498	0.1423577
1.0000000	0.7886865	0.4562734	0.5180285	0.7607570	0.0005709
0.7064230	0.7958099	0.4023840	0.6645402	0.3945596	0.2543310
1.0000000	0.7849160	0.3982112	0.7874817	0.8180425	0.0746618
