fur	rcnR	metJ	metR	metA	metH
1.0000000	0.7256353	0.4090811	0.7745795	0.8367034	0.0005712
1.0000000	0.7475192	0.2871177	0.4491798	0.4527147	0.1978244
0.2304747	0.2054414	0.7775576	0.3799345	0.9799648	0.1424241
1.0000000	0.7886808	0.4562734	0.5181426	0.7607755	0.0005717
0.7064230	0.7958114	0.4023354	0.6649146	0.3947925	0.2543307
1.0000000	0.7849144	0.3982554	0.7870174	0.8178201	0.0746611
