fur	rcnR	metJ	metR	metA	metH
0.7444740	0.6098599	0.4046917	0.7272481	0.7272221	0.0031782
0.8027593	0.5913772	0.2362407	0.2496506	0.3694936	0.1369488
0.1729199	0.1426515	0.5712404	0.3832558	0.6964442	0.1536840
0.7473865	0.5796294	0.3476118	0.4588560	0.7237204	0.0037564
0.5459326	0.5989017	0.2889233	0.5356734	0.3370958	0.2567494
0.8336945	0.6466750	0.3720892	0.6263213	0.7026364	0.0461136
