fur	rcnR	metJ	metR	metA	metH
1.0085816	0.7329416	0.4497039	0.7656835	0.7524974	0.0283816
