fur	rcnR	metJ	metR	metA	metH
0.30703805602794687	-0.2261982936156587	-0.05281215215196052	0.07269789477466787	0.1669435728146675	-0.08113799531276845
0.6039304871226712	0.07218130213727017	-0.3352940558575772	-0.499263408241234	-0.3988495900819061	0.17850896438770855
-0.7695252843118137	-0.3491479307077086	-0.21065573143421504	0.22467809122896934	0.6117571191982109	-0.14422691666411447
0.373279132865078	0.2231049040011213	0.1627848288219261	-0.26925559169812513	0.02062841186454755	-0.4855903371893377
-0.2935770192665993	0.4801146317490624	-0.4136860107033564	-0.14298158516268825	-0.39860047064119547	0.23376496036204805
0.3956149263947093	0.2092819029572739	-0.07790420768291313	0.45169771609826037	0.09943135272927271	0.05527395135922108
