fur	rcnR	metJ	metR	metA	metH
0.7788632	0.5177429	0.0000000	0.0000000	0.3400735	0.0098677
0.0000000	0.0116393	0.8518516	0.0000000	0.0880687	0.0028407
