ExpName,tn,fp,fn,specificity,recall,sensitivity,precision,tp,accuracy,auroc,aupr
banjo_q5,47,38,7,0.552941176471,0.533333333333,0.533333333333,0.173913043478,8,0.55,0.543137254902,0.388623188406
banjo_q4,52,33,8,0.611764705882,0.466666666667,0.466666666667,0.175,7,0.59,0.539215686275,0.360833333333
banjo_q3,51,34,9,0.6,0.4,0.4,0.15,6,0.57,0.5,0.32
banjo_q2,50,35,6,0.588235294118,0.6,0.6,0.204545454545,9,0.59,0.594117647059,0.432272727273
banjo_q6,49,36,7,0.576470588235,0.533333333333,0.533333333333,0.181818181818,8,0.57,0.554901960784,0.392575757576
banjo_q8,48,37,6,0.564705882353,0.6,0.6,0.195652173913,9,0.57,0.582352941176,0.427826086957
banjo_q9,55,30,7,0.647058823529,0.533333333333,0.533333333333,0.210526315789,8,0.63,0.590196078431,0.406929824561
banjo_q7,53,32,7,0.623529411765,0.533333333333,0.533333333333,0.2,8,0.61,0.578431372549,0.401666666667
