YDR034C	YFL044C	YEL009C	YML076C	YBR112C	YNL103W	YLR451W	YKL038W	YER028C	YIR017C	YGL181W	YNL167C	YPL038W	YGL254W	YOR140W	YDR253C	YMR019W	YOL067C	YJR147W	YCR096C	YML113W	YDR520C	YFL021W	YCR040W	YPR199C	YCR097W	YOL089C	YHR006W	YOR032C	YJL110C	YCL066W	YCL067C	YJL056C	YLR098C	YGR044C	YCR018C	YLR013W	YKL020C	YDR421W	YKR034W	YCR039C	YER189W	YCR041W	YDR084C	YER190W	YGL001C	YDR042C	YNL339C	YNL337W	YKL178C
0.6442628	0.9728256	1.0375253	0.5838659	0.3494886	0.0405931	0.1003185	0.0599723	0.8170155	0.9946169	1.0290722	0.4855939	0.9388658	0.6042278	0.8771642	1.0180796	0.6106873	0.9475688	0.0043465	0.3774471	0.9941089	0.7581047	0.2178292	0.1664932	0.9372778	0.5748654	1.0384344	0.0335446	0.9866148	0.7906879	0.0295929	1.0118664	0.9521800	1.0467930	0.3851309	0.2404212	1.1481010	0.9657595	1.0166962	0.4937645	0.6750172	0.8598007	0.7132434	0.4894449	0.3860614	0.1853277	0.1033274	0.3100454	0.0093764	0.9237309
