ExpName,tn,fp,fn,specificity,recall,sensitivity,precision,tp,accuracy,auroc,aupr
banjo_q4,9209,615,167,0.937398208469,0.0511363636364,0.0511363636364,0.0144230769231,9,0.9218,0.494267286053,0.0411297202797
banjo_q6,9231,593,163,0.93963762215,0.0738636363636,0.0738636363636,0.0214521452145,13,0.9244,0.506750629257,0.0558078907891
banjo_q5,9205,619,163,0.936991042345,0.0738636363636,0.0738636363636,0.0205696202532,13,0.9218,0.505427339354,0.0553666283084
banjo_q3,9218,606,170,0.938314332248,0.0340909090909,0.0340909090909,0.00980392156863,6,0.9224,0.486202620669,0.0304474153298
banjo_q2,9224,600,164,0.938925081433,0.0681818181818,0.0681818181818,0.0196078431373,12,0.9236,0.503553449808,0.0520948306595
banjo_q7,9221,603,167,0.93861970684,0.0511363636364,0.0511363636364,0.0147058823529,9,0.923,0.494878035238,0.0412711229947
banjo_q9,9233,591,161,0.939841205212,0.0852272727273,0.0852272727273,0.0247524752475,15,0.9248,0.512534238969,0.0630398739874
banjo_q8,9226,598,164,0.939128664495,0.0681818181818,0.0681818181818,0.0196721311475,12,0.9238,0.503655241338,0.0521269746647
